distortion_name,model_name,orig_label,orig_conf,dist_label,dist_conf,top1_match,confidence_delta,class_changed,param_brightness,param_contrast
Яркость и контраст,EfficientNet-B0 ImageNet,Class 285,0.15387612581253052,Class 644,0.03949747607111931,False,-0.11437864974141121,True,-0.5,-0.5
Яркость и контраст,EfficientNet-B0 ImageNet,Class 285,0.15387612581253052,Class 644,0.03681602701544762,False,-0.1170600987970829,True,-0.5,-0.45
Яркость и контраст,EfficientNet-B0 ImageNet,Class 285,0.15387612581253052,Class 818,0.048822157084941864,False,-0.10505396872758865,True,-0.5,-0.4
Яркость и контраст,EfficientNet-B0 ImageNet,Class 285,0.15387612581253052,Class 818,0.3663601279258728,False,0.21248400211334229,True,-0.5,-0.35
Яркость и контраст,EfficientNet-B0 ImageNet,Class 285,0.15387612581253052,Class 892,0.0732046365737915,False,-0.08067148923873901,True,-0.5,-0.3
Яркость и контраст,EfficientNet-B0 ImageNet,Class 285,0.15387612581253052,Class 892,0.11358900368213654,False,-0.04028712213039398,True,-0.5,-0.25
Яркость и контраст,EfficientNet-B0 ImageNet,Class 285,0.15387612581253052,Class 284,0.1295023113489151,False,-0.024373814463615417,True,-0.5,-0.19999999999999996
Яркость и контраст,EfficientNet-B0 ImageNet,Class 285,0.15387612581253052,Class 284,0.15986059606075287,False,0.005984470248222351,True,-0.5,-0.14999999999999997
Яркость и контраст,EfficientNet-B0 ImageNet,Class 285,0.15387612581253052,Class 284,0.17320775985717773,False,0.019331634044647217,True,-0.5,-0.09999999999999998
Яркость и контраст,EfficientNet-B0 ImageNet,Class 285,0.15387612581253052,Class 284,0.1803727000951767,False,0.02649657428264618,True,-0.5,-0.04999999999999999
Яркость и контраст,EfficientNet-B0 ImageNet,Class 285,0.15387612581253052,Class 284,0.1817006915807724,False,0.027824565768241882,True,-0.5,0.0
Яркость и контраст,EfficientNet-B0 ImageNet,Class 285,0.15387612581253052,Class 284,0.16847915947437286,False,0.014603033661842346,True,-0.5,0.050000000000000044
Яркость и контраст,EfficientNet-B0 ImageNet,Class 285,0.15387612581253052,Class 284,0.1597752422094345,False,0.005899116396903992,True,-0.5,0.10000000000000009
Яркость и контраст,EfficientNet-B0 ImageNet,Class 285,0.15387612581253052,Class 284,0.13578081130981445,False,-0.018095314502716064,True,-0.5,0.15000000000000002
Яркость и контраст,EfficientNet-B0 ImageNet,Class 285,0.15387612581253052,Class 284,0.10202585160732269,False,-0.051850274205207825,True,-0.5,0.20000000000000007
Яркость и контраст,EfficientNet-B0 ImageNet,Class 285,0.15387612581253052,Class 284,0.0759744644165039,False,-0.07790166139602661,True,-0.5,0.25
Яркость и контраст,EfficientNet-B0 ImageNet,Class 285,0.15387612581253052,Class 284,0.06402329355478287,False,-0.08985283225774765,True,-0.5,0.30000000000000004
Яркость и контраст,EfficientNet-B0 ImageNet,Class 285,0.15387612581253052,Class 285,0.06545592099428177,True,-0.08842020481824875,False,-0.5,0.3500000000000001
Яркость и контраст,EfficientNet-B0 ImageNet,Class 285,0.15387612581253052,Class 285,0.06901302933692932,True,-0.0848630964756012,False,-0.5,0.4
Яркость и контраст,EfficientNet-B0 ImageNet,Class 285,0.15387612581253052,Class 285,0.06942437589168549,True,-0.08445174992084503,False,-0.5,0.45000000000000007
Яркость и контраст,EfficientNet-B0 ImageNet,Class 285,0.15387612581253052,Class 285,0.07193818688392639,True,-0.08193793892860413,False,-0.5,0.5
Яркость и контраст,EfficientNet-B0 ImageNet,Class 285,0.15387612581253052,Class 644,0.03529531508684158,False,-0.11858081072568893,True,-0.45,-0.5
Яркость и контраст,EfficientNet-B0 ImageNet,Class 285,0.15387612581253052,Class 818,0.08241517841815948,False,-0.07146094739437103,True,-0.45,-0.45
Яркость и контраст,EfficientNet-B0 ImageNet,Class 285,0.15387612581253052,Class 818,0.26730871200561523,False,0.11343258619308472,True,-0.45,-0.4
Яркость и контраст,EfficientNet-B0 ImageNet,Class 285,0.15387612581253052,Class 892,0.09330686926841736,False,-0.06056925654411316,True,-0.45,-0.35
Яркость и контраст,EfficientNet-B0 ImageNet,Class 285,0.15387612581253052,Class 284,0.09682697057723999,False,-0.05704915523529053,True,-0.45,-0.3
Яркость и контраст,EfficientNet-B0 ImageNet,Class 285,0.15387612581253052,Class 284,0.150616854429245,False,-0.0032592713832855225,True,-0.45,-0.25
Яркость и контраст,EfficientNet-B0 ImageNet,Class 285,0.15387612581253052,Class 284,0.1684836447238922,False,0.014607518911361694,True,-0.45,-0.19999999999999996
Яркость и контраст,EfficientNet-B0 ImageNet,Class 285,0.15387612581253052,Class 284,0.1809508502483368,False,0.027074724435806274,True,-0.45,-0.14999999999999997
Яркость и контраст,EfficientNet-B0 ImageNet,Class 285,0.15387612581253052,Class 284,0.18077944219112396,False,0.026903316378593445,True,-0.45,-0.09999999999999998
Яркость и контраст,EfficientNet-B0 ImageNet,Class 285,0.15387612581253052,Class 284,0.18150971829891205,False,0.02763359248638153,True,-0.45,-0.04999999999999999
Яркость и контраст,EfficientNet-B0 ImageNet,Class 285,0.15387612581253052,Class 284,0.15729689598083496,False,0.0034207701683044434,True,-0.45,0.0
Яркость и контраст,EfficientNet-B0 ImageNet,Class 285,0.15387612581253052,Class 284,0.12980139255523682,False,-0.0240747332572937,True,-0.45,0.050000000000000044
Яркость и контраст,EfficientNet-B0 ImageNet,Class 285,0.15387612581253052,Class 284,0.09511328488588333,False,-0.058762840926647186,True,-0.45,0.10000000000000009
Яркость и контраст,EfficientNet-B0 ImageNet,Class 285,0.15387612581253052,Class 284,0.07516036927700043,False,-0.07871575653553009,True,-0.45,0.15000000000000002
Яркость и контраст,EfficientNet-B0 ImageNet,Class 285,0.15387612581253052,Class 284,0.06235647574067116,False,-0.09151965007185936,True,-0.45,0.20000000000000007
Яркость и контраст,EfficientNet-B0 ImageNet,Class 285,0.15387612581253052,Class 285,0.06304828077554703,True,-0.09082784503698349,False,-0.45,0.25
Яркость и контраст,EfficientNet-B0 ImageNet,Class 285,0.15387612581253052,Class 285,0.06385825574398041,True,-0.09001787006855011,False,-0.45,0.30000000000000004
Яркость и контраст,EfficientNet-B0 ImageNet,Class 285,0.15387612581253052,Class 285,0.06742267310619354,True,-0.08645345270633698,False,-0.45,0.3500000000000001
Яркость и контраст,EfficientNet-B0 ImageNet,Class 285,0.15387612581253052,Class 285,0.0703372061252594,True,-0.08353891968727112,False,-0.45,0.4
Яркость и контраст,EfficientNet-B0 ImageNet,Class 285,0.15387612581253052,Class 285,0.07292663305997849,True,-0.08094949275255203,False,-0.45,0.45000000000000007
Яркость и контраст,EfficientNet-B0 ImageNet,Class 285,0.15387612581253052,Class 285,0.07616006582975388,True,-0.07771605998277664,False,-0.45,0.5
Яркость и контраст,EfficientNet-B0 ImageNet,Class 285,0.15387612581253052,Class 818,0.1850033551454544,False,0.03112722933292389,True,-0.4,-0.5
Яркость и контраст,EfficientNet-B0 ImageNet,Class 285,0.15387612581253052,Class 818,0.1261291354894638,False,-0.02774699032306671,True,-0.4,-0.45
Яркость и контраст,EfficientNet-B0 ImageNet,Class 285,0.15387612581253052,Class 892,0.0922066941857338,False,-0.06166943162679672,True,-0.4,-0.4
Яркость и контраст,EfficientNet-B0 ImageNet,Class 285,0.15387612581253052,Class 284,0.1178470179438591,False,-0.03602910786867142,True,-0.4,-0.35
Яркость и контраст,EfficientNet-B0 ImageNet,Class 285,0.15387612581253052,Class 284,0.16015629470348358,False,0.006280168890953064,True,-0.4,-0.3
Яркость и контраст,EfficientNet-B0 ImageNet,Class 285,0.15387612581253052,Class 284,0.17346930503845215,False,0.01959317922592163,True,-0.4,-0.25
Яркость и контраст,EfficientNet-B0 ImageNet,Class 285,0.15387612581253052,Class 284,0.18951639533042908,False,0.03564026951789856,True,-0.4,-0.19999999999999996
Яркость и контраст,EfficientNet-B0 ImageNet,Class 285,0.15387612581253052,Class 284,0.18857944011688232,False,0.03470331430435181,True,-0.4,-0.14999999999999997
Яркость и контраст,EfficientNet-B0 ImageNet,Class 285,0.15387612581253052,Class 284,0.15472231805324554,False,0.0008461922407150269,True,-0.4,-0.09999999999999998
Яркость и контраст,EfficientNet-B0 ImageNet,Class 285,0.15387612581253052,Class 284,0.12563970685005188,False,-0.028236418962478638,True,-0.4,-0.04999999999999999
Яркость и контраст,EfficientNet-B0 ImageNet,Class 285,0.15387612581253052,Class 284,0.08799085766077042,False,-0.0658852681517601,True,-0.4,0.0
Яркость и контраст,EfficientNet-B0 ImageNet,Class 285,0.15387612581253052,Class 284,0.07226182520389557,False,-0.08161430060863495,True,-0.4,0.050000000000000044
Яркость и контраст,EfficientNet-B0 ImageNet,Class 285,0.15387612581253052,Class 284,0.060385048389434814,False,-0.0934910774230957,True,-0.4,0.10000000000000009
Яркость и контраст,EfficientNet-B0 ImageNet,Class 285,0.15387612581253052,Class 285,0.06236860156059265,True,-0.09150752425193787,False,-0.4,0.15000000000000002
Яркость и контраст,EfficientNet-B0 ImageNet,Class 285,0.15387612581253052,Class 285,0.06235881894826889,True,-0.09151730686426163,False,-0.4,0.20000000000000007
Яркость и контраст,EfficientNet-B0 ImageNet,Class 285,0.15387612581253052,Class 285,0.0652705654501915,True,-0.08860556036233902,False,-0.4,0.25
Яркость и контраст,EfficientNet-B0 ImageNet,Class 285,0.15387612581253052,Class 285,0.06895657628774643,True,-0.08491954952478409,False,-0.4,0.30000000000000004
Яркость и контраст,EfficientNet-B0 ImageNet,Class 285,0.15387612581253052,Class 285,0.07372118532657623,True,-0.08015494048595428,False,-0.4,0.3500000000000001
Яркость и контраст,EfficientNet-B0 ImageNet,Class 285,0.15387612581253052,Class 285,0.07486335933208466,True,-0.07901276648044586,False,-0.4,0.4
Яркость и контраст,EfficientNet-B0 ImageNet,Class 285,0.15387612581253052,Class 285,0.07965002208948135,True,-0.07422610372304916,False,-0.4,0.45000000000000007
Яркость и контраст,EfficientNet-B0 ImageNet,Class 285,0.15387612581253052,Class 285,0.0796416848897934,True,-0.07423444092273712,False,-0.4,0.5
Яркость и контраст,EfficientNet-B0 ImageNet,Class 285,0.15387612581253052,Class 619,0.08627640455961227,False,-0.06759972125291824,True,-0.35,-0.5
Яркость и контраст,EfficientNet-B0 ImageNet,Class 285,0.15387612581253052,Class 284,0.09164160490036011,False,-0.06223452091217041,True,-0.35,-0.45
Яркость и контраст,EfficientNet-B0 ImageNet,Class 285,0.15387612581253052,Class 284,0.13688160479068756,False,-0.016994521021842957,True,-0.35,-0.4
Яркость и контраст,EfficientNet-B0 ImageNet,Class 285,0.15387612581253052,Class 284,0.17281712591648102,False,0.0189410001039505,True,-0.35,-0.35
Яркость и контраст,EfficientNet-B0 ImageNet,Class 285,0.15387612581253052,Class 284,0.18367034196853638,False,0.02979421615600586,True,-0.35,-0.3
Яркость и контраст,EfficientNet-B0 ImageNet,Class 285,0.15387612581253052,Class 284,0.1908586174249649,False,0.03698249161243439,True,-0.35,-0.25
Яркость и контраст,EfficientNet-B0 ImageNet,Class 285,0.15387612581253052,Class 284,0.15651598572731018,False,0.002639859914779663,True,-0.35,-0.19999999999999996
Яркость и контраст,EfficientNet-B0 ImageNet,Class 285,0.15387612581253052,Class 284,0.12042277306318283,False,-0.03345335274934769,True,-0.35,-0.14999999999999997
Яркость и контраст,EfficientNet-B0 ImageNet,Class 285,0.15387612581253052,Class 284,0.08817048370838165,False,-0.06570564210414886,True,-0.35,-0.09999999999999998
Яркость и контраст,EfficientNet-B0 ImageNet,Class 285,0.15387612581253052,Class 284,0.07235222309827805,False,-0.08152390271425247,True,-0.35,-0.04999999999999999
Яркость и контраст,EfficientNet-B0 ImageNet,Class 285,0.15387612581253052,Class 284,0.060621947050094604,False,-0.09325417876243591,True,-0.35,0.0
Яркость и контраст,EfficientNet-B0 ImageNet,Class 285,0.15387612581253052,Class 285,0.05956871807575226,True,-0.09430740773677826,False,-0.35,0.050000000000000044
Яркость и контраст,EfficientNet-B0 ImageNet,Class 285,0.15387612581253052,Class 285,0.06268446147441864,True,-0.09119166433811188,False,-0.35,0.10000000000000009
Яркость и контраст,EfficientNet-B0 ImageNet,Class 285,0.15387612581253052,Class 285,0.06438121944665909,True,-0.08949490636587143,False,-0.35,0.15000000000000002
Яркость и контраст,EfficientNet-B0 ImageNet,Class 285,0.15387612581253052,Class 285,0.0709139034152031,True,-0.08296222239732742,False,-0.35,0.20000000000000007
Яркость и контраст,EfficientNet-B0 ImageNet,Class 285,0.15387612581253052,Class 285,0.0752144306898117,True,-0.07866169512271881,False,-0.35,0.25
Яркость и контраст,EfficientNet-B0 ImageNet,Class 285,0.15387612581253052,Class 285,0.07849276810884476,True,-0.07538335770368576,False,-0.35,0.30000000000000004
Яркость и контраст,EfficientNet-B0 ImageNet,Class 285,0.15387612581253052,Class 285,0.07978788763284683,True,-0.07408823817968369,False,-0.35,0.3500000000000001
Яркость и контраст,EfficientNet-B0 ImageNet,Class 285,0.15387612581253052,Class 285,0.08036945760250092,True,-0.0735066682100296,False,-0.35,0.4
Яркость и контраст,EfficientNet-B0 ImageNet,Class 285,0.15387612581253052,Class 285,0.08304782956838608,True,-0.07082829624414444,False,-0.35,0.45000000000000007
Яркость и контраст,EfficientNet-B0 ImageNet,Class 285,0.15387612581253052,Class 285,0.08029194921255112,True,-0.0735841765999794,False,-0.35,0.5
Яркость и контраст,EfficientNet-B0 ImageNet,Class 285,0.15387612581253052,Class 284,0.1105692908167839,False,-0.04330683499574661,True,-0.3,-0.5
Яркость и контраст,EfficientNet-B0 ImageNet,Class 285,0.15387612581253052,Class 284,0.1682707518339157,False,0.014394626021385193,True,-0.3,-0.45
Яркость и контраст,EfficientNet-B0 ImageNet,Class 285,0.15387612581253052,Class 284,0.17879897356033325,False,0.024922847747802734,True,-0.3,-0.4
Яркость и контраст,EfficientNet-B0 ImageNet,Class 285,0.15387612581253052,Class 284,0.19138005375862122,False,0.0375039279460907,True,-0.3,-0.35
Яркость и контраст,EfficientNet-B0 ImageNet,Class 285,0.15387612581253052,Class 284,0.15260688960552216,False,-0.0012692362070083618,True,-0.3,-0.3
Яркость и контраст,EfficientNet-B0 ImageNet,Class 285,0.15387612581253052,Class 284,0.11412326991558075,False,-0.03975285589694977,True,-0.3,-0.25
Яркость и контраст,EfficientNet-B0 ImageNet,Class 285,0.15387612581253052,Class 284,0.08460073173046112,False,-0.0692753940820694,True,-0.3,-0.19999999999999996
Яркость и контраст,EfficientNet-B0 ImageNet,Class 285,0.15387612581253052,Class 284,0.06839586049318314,False,-0.08548026531934738,True,-0.3,-0.14999999999999997
Яркость и контраст,EfficientNet-B0 ImageNet,Class 285,0.15387612581253052,Class 284,0.06061169505119324,False,-0.09326443076133728,True,-0.3,-0.09999999999999998
Яркость и контраст,EfficientNet-B0 ImageNet,Class 285,0.15387612581253052,Class 285,0.057500727474689484,True,-0.09637539833784103,False,-0.3,-0.04999999999999999
Яркость и контраст,EfficientNet-B0 ImageNet,Class 285,0.15387612581253052,Class 285,0.06247461959719658,True,-0.09140150621533394,False,-0.3,0.0
Яркость и контраст,EfficientNet-B0 ImageNet,Class 285,0.15387612581253052,Class 285,0.06453146040439606,True,-0.08934466540813446,False,-0.3,0.050000000000000044
Яркость и контраст,EfficientNet-B0 ImageNet,Class 285,0.15387612581253052,Class 285,0.07173115760087967,True,-0.08214496821165085,False,-0.3,0.10000000000000009
Яркость и контраст,EfficientNet-B0 ImageNet,Class 285,0.15387612581253052,Class 285,0.07549101114273071,True,-0.0783851146697998,False,-0.3,0.15000000000000002
Яркость и контраст,EfficientNet-B0 ImageNet,Class 285,0.15387612581253052,Class 285,0.0765848457813263,True,-0.07729128003120422,False,-0.3,0.20000000000000007
Яркость и контраст,EfficientNet-B0 ImageNet,Class 285,0.15387612581253052,Class 285,0.07678879052400589,True,-0.07708733528852463,False,-0.3,0.25
Яркость и контраст,EfficientNet-B0 ImageNet,Class 285,0.15387612581253052,Class 285,0.07931221276521683,True,-0.07456391304731369,False,-0.3,0.30000000000000004
Яркость и контраст,EfficientNet-B0 ImageNet,Class 285,0.15387612581253052,Class 285,0.08006373792886734,True,-0.07381238788366318,False,-0.3,0.3500000000000001
Яркость и контраст,EfficientNet-B0 ImageNet,Class 285,0.15387612581253052,Class 285,0.08473064750432968,True,-0.06914547830820084,False,-0.3,0.4
Яркость и контраст,EfficientNet-B0 ImageNet,Class 285,0.15387612581253052,Class 285,0.08751422166824341,True,-0.06636190414428711,False,-0.3,0.45000000000000007
Яркость и контраст,EfficientNet-B0 ImageNet,Class 285,0.15387612581253052,Class 333,0.09073808044195175,False,-0.06313804537057877,True,-0.3,0.5
Яркость и контраст,EfficientNet-B0 ImageNet,Class 285,0.15387612581253052,Class 284,0.16309916973114014,False,0.00922304391860962,True,-0.25,-0.5
Яркость и контраст,EfficientNet-B0 ImageNet,Class 285,0.15387612581253052,Class 284,0.18961405754089355,False,0.03573793172836304,True,-0.25,-0.45
Яркость и контраст,EfficientNet-B0 ImageNet,Class 285,0.15387612581253052,Class 284,0.1551109403371811,False,0.0012348145246505737,True,-0.25,-0.4
Яркость и контраст,EfficientNet-B0 ImageNet,Class 285,0.15387612581253052,Class 284,0.11287280172109604,False,-0.04100332409143448,True,-0.25,-0.35
Яркость и контраст,EfficientNet-B0 ImageNet,Class 285,0.15387612581253052,Class 284,0.08243224024772644,False,-0.07144388556480408,True,-0.25,-0.3
Яркость и контраст,EfficientNet-B0 ImageNet,Class 285,0.15387612581253052,Class 284,0.07209988683462143,False,-0.08177623897790909,True,-0.25,-0.25
Яркость и контраст,EfficientNet-B0 ImageNet,Class 285,0.15387612581253052,Class 284,0.06315156817436218,False,-0.09072455763816833,True,-0.25,-0.19999999999999996
Яркость и контраст,EfficientNet-B0 ImageNet,Class 285,0.15387612581253052,Class 284,0.06332992762327194,False,-0.09054619818925858,True,-0.25,-0.14999999999999997
Яркость и контраст,EfficientNet-B0 ImageNet,Class 285,0.15387612581253052,Class 285,0.06352632492780685,True,-0.09034980088472366,False,-0.25,-0.09999999999999998
Яркость и контраст,EfficientNet-B0 ImageNet,Class 285,0.15387612581253052,Class 285,0.06734754890203476,True,-0.08652857691049576,False,-0.25,-0.04999999999999999
Яркость и контраст,EfficientNet-B0 ImageNet,Class 285,0.15387612581253052,Class 285,0.0706598088145256,True,-0.08321631699800491,False,-0.25,0.0
Яркость и контраст,EfficientNet-B0 ImageNet,Class 285,0.15387612581253052,Class 285,0.0720001682639122,True,-0.08187595754861832,False,-0.25,0.050000000000000044
Яркость и контраст,EfficientNet-B0 ImageNet,Class 285,0.15387612581253052,Class 285,0.07351690530776978,True,-0.08035922050476074,False,-0.25,0.10000000000000009
Яркость и контраст,EfficientNet-B0 ImageNet,Class 285,0.15387612581253052,Class 285,0.07731092721223831,True,-0.0765651986002922,False,-0.25,0.15000000000000002
Яркость и контраст,EfficientNet-B0 ImageNet,Class 285,0.15387612581253052,Class 285,0.08516833931207657,True,-0.06870778650045395,False,-0.25,0.20000000000000007
Яркость и контраст,EfficientNet-B0 ImageNet,Class 285,0.15387612581253052,Class 285,0.09068375080823898,True,-0.06319237500429153,False,-0.25,0.25
Яркость и контраст,EfficientNet-B0 ImageNet,Class 285,0.15387612581253052,Class 285,0.08862604200839996,True,-0.06525008380413055,False,-0.25,0.30000000000000004
Яркость и контраст,EfficientNet-B0 ImageNet,Class 285,0.15387612581253052,Class 333,0.10210753977298737,False,-0.05176858603954315,True,-0.25,0.3500000000000001
Яркость и контраст,EfficientNet-B0 ImageNet,Class 285,0.15387612581253052,Class 333,0.12479272484779358,False,-0.02908340096473694,True,-0.25,0.4
Яркость и контраст,EfficientNet-B0 ImageNet,Class 285,0.15387612581253052,Class 333,0.1328922063112259,False,-0.020983919501304626,True,-0.25,0.45000000000000007
Яркость и контраст,EfficientNet-B0 ImageNet,Class 285,0.15387612581253052,Class 333,0.11816126853227615,False,-0.035714857280254364,True,-0.25,0.5
Яркость и контраст,EfficientNet-B0 ImageNet,Class 285,0.15387612581253052,Class 284,0.14282971620559692,False,-0.011046409606933594,True,-0.19999999999999996,-0.5
Яркость и контраст,EfficientNet-B0 ImageNet,Class 285,0.15387612581253052,Class 284,0.11798403412103653,False,-0.03589209169149399,True,-0.19999999999999996,-0.45
Яркость и контраст,EfficientNet-B0 ImageNet,Class 285,0.15387612581253052,Class 284,0.08788197487592697,False,-0.06599415093660355,True,-0.19999999999999996,-0.4
Яркость и контраст,EfficientNet-B0 ImageNet,Class 285,0.15387612581253052,Class 284,0.07572227716445923,False,-0.07815384864807129,True,-0.19999999999999996,-0.35
Яркость и контраст,EfficientNet-B0 ImageNet,Class 285,0.15387612581253052,Class 284,0.0726548358798027,False,-0.08122128993272781,True,-0.19999999999999996,-0.3
Яркость и контраст,EfficientNet-B0 ImageNet,Class 285,0.15387612581253052,Class 284,0.06744334101676941,False,-0.08643278479576111,True,-0.19999999999999996,-0.25
Яркость и контраст,EfficientNet-B0 ImageNet,Class 285,0.15387612581253052,Class 285,0.06723494082689285,True,-0.08664118498563766,False,-0.19999999999999996,-0.19999999999999996
Яркость и контраст,EfficientNet-B0 ImageNet,Class 285,0.15387612581253052,Class 285,0.07173284143209457,True,-0.08214328438043594,False,-0.19999999999999996,-0.14999999999999997
Яркость и контраст,EfficientNet-B0 ImageNet,Class 285,0.15387612581253052,Class 285,0.06618679314851761,True,-0.08768933266401291,False,-0.19999999999999996,-0.09999999999999998
Яркость и контраст,EfficientNet-B0 ImageNet,Class 285,0.15387612581253052,Class 285,0.06979577243328094,True,-0.08408035337924957,False,-0.19999999999999996,-0.04999999999999999
Яркость и контраст,EfficientNet-B0 ImageNet,Class 285,0.15387612581253052,Class 285,0.08276380598545074,True,-0.07111231982707977,False,-0.19999999999999996,0.0
Яркость и контраст,EfficientNet-B0 ImageNet,Class 285,0.15387612581253052,Class 285,0.08572585880756378,True,-0.06815026700496674,False,-0.19999999999999996,0.050000000000000044
Яркость и контраст,EfficientNet-B0 ImageNet,Class 285,0.15387612581253052,Class 333,0.08730123192071915,False,-0.06657489389181137,True,-0.19999999999999996,0.10000000000000009
Яркость и контраст,EfficientNet-B0 ImageNet,Class 285,0.15387612581253052,Class 333,0.09673886001110077,False,-0.05713726580142975,True,-0.19999999999999996,0.15000000000000002
Яркость и контраст,EfficientNet-B0 ImageNet,Class 285,0.15387612581253052,Class 333,0.09797672182321548,False,-0.05589940398931503,True,-0.19999999999999996,0.20000000000000007
Яркость и контраст,EfficientNet-B0 ImageNet,Class 285,0.15387612581253052,Class 333,0.09678436070680618,False,-0.057091765105724335,True,-0.19999999999999996,0.25
Яркость и контраст,EfficientNet-B0 ImageNet,Class 285,0.15387612581253052,Class 333,0.09082291275262833,False,-0.06305321305990219,True,-0.19999999999999996,0.30000000000000004
Яркость и контраст,EfficientNet-B0 ImageNet,Class 285,0.15387612581253052,Class 333,0.08452056348323822,False,-0.0693555623292923,True,-0.19999999999999996,0.3500000000000001
Яркость и контраст,EfficientNet-B0 ImageNet,Class 285,0.15387612581253052,Class 333,0.07293420284986496,False,-0.08094192296266556,True,-0.19999999999999996,0.4
Яркость и контраст,EfficientNet-B0 ImageNet,Class 285,0.15387612581253052,Class 285,0.0723167359828949,True,-0.08155938982963562,False,-0.19999999999999996,0.45000000000000007
Яркость и контраст,EfficientNet-B0 ImageNet,Class 285,0.15387612581253052,Class 285,0.07110916078090668,True,-0.08276696503162384,False,-0.19999999999999996,0.5
Яркость и контраст,EfficientNet-B0 ImageNet,Class 285,0.15387612581253052,Class 284,0.09423314034938812,False,-0.059642985463142395,True,-0.14999999999999997,-0.5
Яркость и контраст,EfficientNet-B0 ImageNet,Class 285,0.15387612581253052,Class 284,0.09137233346700668,False,-0.06250379234552383,True,-0.14999999999999997,-0.45
Яркость и контраст,EfficientNet-B0 ImageNet,Class 285,0.15387612581253052,Class 284,0.079608254134655,False,-0.07426787167787552,True,-0.14999999999999997,-0.4
Яркость и контраст,EfficientNet-B0 ImageNet,Class 285,0.15387612581253052,Class 284,0.07302186638116837,False,-0.08085425943136215,True,-0.14999999999999997,-0.35
Яркость и контраст,EfficientNet-B0 ImageNet,Class 285,0.15387612581253052,Class 285,0.06612677127122879,True,-0.08774935454130173,False,-0.14999999999999997,-0.3
Яркость и контраст,EfficientNet-B0 ImageNet,Class 285,0.15387612581253052,Class 285,0.07423435151576996,True,-0.07964177429676056,False,-0.14999999999999997,-0.25
Яркость и контраст,EfficientNet-B0 ImageNet,Class 285,0.15387612581253052,Class 285,0.08109709620475769,True,-0.07277902960777283,False,-0.14999999999999997,-0.19999999999999996
Яркость и контраст,EfficientNet-B0 ImageNet,Class 285,0.15387612581253052,Class 285,0.07623828202486038,True,-0.07763784378767014,False,-0.14999999999999997,-0.14999999999999997
Яркость и контраст,EfficientNet-B0 ImageNet,Class 285,0.15387612581253052,Class 285,0.07476288825273514,True,-0.07911323755979538,False,-0.14999999999999997,-0.09999999999999998
Яркость и контраст,EfficientNet-B0 ImageNet,Class 285,0.15387612581253052,Class 333,0.07476454973220825,False,-0.07911157608032227,True,-0.14999999999999997,-0.04999999999999999
Яркость и контраст,EfficientNet-B0 ImageNet,Class 285,0.15387612581253052,Class 333,0.06978370249271393,False,-0.08409242331981659,True,-0.14999999999999997,0.0
Яркость и контраст,EfficientNet-B0 ImageNet,Class 285,0.15387612581253052,Class 285,0.06728220731019974,True,-0.08659391850233078,False,-0.14999999999999997,0.050000000000000044
Яркость и контраст,EfficientNet-B0 ImageNet,Class 285,0.15387612581253052,Class 285,0.07042433321475983,True,-0.08345179259777069,False,-0.14999999999999997,0.10000000000000009
Яркость и контраст,EfficientNet-B0 ImageNet,Class 285,0.15387612581253052,Class 285,0.07724937051534653,True,-0.07662675529718399,False,-0.14999999999999997,0.15000000000000002
Яркость и контраст,EfficientNet-B0 ImageNet,Class 285,0.15387612581253052,Class 285,0.08672898262739182,True,-0.0671471431851387,False,-0.14999999999999997,0.20000000000000007
Яркость и контраст,EfficientNet-B0 ImageNet,Class 285,0.15387612581253052,Class 285,0.09162282943725586,True,-0.06225329637527466,False,-0.14999999999999997,0.25
Яркость и контраст,EfficientNet-B0 ImageNet,Class 285,0.15387612581253052,Class 285,0.08922109007835388,True,-0.06465503573417664,False,-0.14999999999999997,0.30000000000000004
Яркость и контраст,EfficientNet-B0 ImageNet,Class 285,0.15387612581253052,Class 285,0.08705655485391617,True,-0.06681957095861435,False,-0.14999999999999997,0.3500000000000001
Яркость и контраст,EfficientNet-B0 ImageNet,Class 285,0.15387612581253052,Class 285,0.08369941264390945,True,-0.07017671316862106,False,-0.14999999999999997,0.4
Яркость и контраст,EfficientNet-B0 ImageNet,Class 285,0.15387612581253052,Class 285,0.07722072303295135,True,-0.07665540277957916,False,-0.14999999999999997,0.45000000000000007
Яркость и контраст,EfficientNet-B0 ImageNet,Class 285,0.15387612581253052,Class 285,0.09042394906282425,True,-0.06345217674970627,False,-0.14999999999999997,0.5
Яркость и контраст,EfficientNet-B0 ImageNet,Class 285,0.15387612581253052,Class 285,0.07492754608392715,True,-0.07894857972860336,False,-0.09999999999999998,-0.5
Яркость и контраст,EfficientNet-B0 ImageNet,Class 285,0.15387612581253052,Class 285,0.0805431678891182,True,-0.07333295792341232,False,-0.09999999999999998,-0.45
Яркость и контраст,EfficientNet-B0 ImageNet,Class 285,0.15387612581253052,Class 285,0.08011132478713989,True,-0.07376480102539062,False,-0.09999999999999998,-0.4
Яркость и контраст,EfficientNet-B0 ImageNet,Class 285,0.15387612581253052,Class 285,0.06915715336799622,True,-0.0847189724445343,False,-0.09999999999999998,-0.35
Яркость и контраст,EfficientNet-B0 ImageNet,Class 285,0.15387612581253052,Class 285,0.06289811432361603,True,-0.09097801148891449,False,-0.09999999999999998,-0.3
Яркость и контраст,EfficientNet-B0 ImageNet,Class 285,0.15387612581253052,Class 285,0.06255169957876205,True,-0.09132442623376846,False,-0.09999999999999998,-0.25
Яркость и контраст,EfficientNet-B0 ImageNet,Class 285,0.15387612581253052,Class 285,0.06323608011007309,True,-0.09064004570245743,False,-0.09999999999999998,-0.19999999999999996
Яркость и контраст,EfficientNet-B0 ImageNet,Class 285,0.15387612581253052,Class 285,0.0731780081987381,True,-0.08069811761379242,False,-0.09999999999999998,-0.14999999999999997
Яркость и контраст,EfficientNet-B0 ImageNet,Class 285,0.15387612581253052,Class 285,0.07936994731426239,True,-0.07450617849826813,False,-0.09999999999999998,-0.09999999999999998
Яркость и контраст,EfficientNet-B0 ImageNet,Class 285,0.15387612581253052,Class 285,0.08275699615478516,True,-0.07111912965774536,False,-0.09999999999999998,-0.04999999999999999
Яркость и контраст,EfficientNet-B0 ImageNet,Class 285,0.15387612581253052,Class 285,0.08902118355035782,True,-0.0648549422621727,False,-0.09999999999999998,0.0
Яркость и контраст,EfficientNet-B0 ImageNet,Class 285,0.15387612581253052,Class 285,0.0870884582400322,True,-0.06678766757249832,False,-0.09999999999999998,0.050000000000000044
Яркость и контраст,EfficientNet-B0 ImageNet,Class 285,0.15387612581253052,Class 285,0.09445443004369736,True,-0.05942169576883316,False,-0.09999999999999998,0.10000000000000009
Яркость и контраст,EfficientNet-B0 ImageNet,Class 285,0.15387612581253052,Class 285,0.0965878814458847,True,-0.05728824436664581,False,-0.09999999999999998,0.15000000000000002
Яркость и контраст,EfficientNet-B0 ImageNet,Class 285,0.15387612581253052,Class 285,0.09801552444696426,True,-0.055860601365566254,False,-0.09999999999999998,0.20000000000000007
Яркость и контраст,EfficientNet-B0 ImageNet,Class 285,0.15387612581253052,Class 285,0.09612951427698135,True,-0.057746611535549164,False,-0.09999999999999998,0.25
Яркость и контраст,EfficientNet-B0 ImageNet,Class 285,0.15387612581253052,Class 285,0.09345659613609314,True,-0.06041952967643738,False,-0.09999999999999998,0.30000000000000004
Яркость и контраст,EfficientNet-B0 ImageNet,Class 285,0.15387612581253052,Class 285,0.0894184559583664,True,-0.06445766985416412,False,-0.09999999999999998,0.3500000000000001
Яркость и контраст,EfficientNet-B0 ImageNet,Class 285,0.15387612581253052,Class 285,0.08558215945959091,True,-0.0682939663529396,False,-0.09999999999999998,0.4
Яркость и контраст,EfficientNet-B0 ImageNet,Class 285,0.15387612581253052,Class 285,0.09849002957344055,True,-0.055386096239089966,False,-0.09999999999999998,0.45000000000000007
Яркость и контраст,EfficientNet-B0 ImageNet,Class 285,0.15387612581253052,Class 285,0.14821703732013702,True,-0.005659088492393494,False,-0.09999999999999998,0.5
Яркость и контраст,EfficientNet-B0 ImageNet,Class 285,0.15387612581253052,Class 285,0.07012386620044708,True,-0.08375225961208344,False,-0.04999999999999999,-0.5
Яркость и контраст,EfficientNet-B0 ImageNet,Class 285,0.15387612581253052,Class 285,0.07036653906106949,True,-0.08350958675146103,False,-0.04999999999999999,-0.45
Яркость и контраст,EfficientNet-B0 ImageNet,Class 285,0.15387612581253052,Class 285,0.07249456644058228,True,-0.08138155937194824,False,-0.04999999999999999,-0.4
Яркость и контраст,EfficientNet-B0 ImageNet,Class 285,0.15387612581253052,Class 285,0.07152801752090454,True,-0.08234810829162598,False,-0.04999999999999999,-0.35
Яркость и контраст,EfficientNet-B0 ImageNet,Class 285,0.15387612581253052,Class 284,0.0744757130742073,False,-0.07940041273832321,True,-0.04999999999999999,-0.3
Яркость и контраст,EfficientNet-B0 ImageNet,Class 285,0.15387612581253052,Class 284,0.08157242834568024,False,-0.07230369746685028,True,-0.04999999999999999,-0.25
Яркость и контраст,EfficientNet-B0 ImageNet,Class 285,0.15387612581253052,Class 285,0.07890238612890244,True,-0.07497373968362808,False,-0.04999999999999999,-0.19999999999999996
Яркость и контраст,EfficientNet-B0 ImageNet,Class 285,0.15387612581253052,Class 285,0.0821678638458252,True,-0.07170826196670532,False,-0.04999999999999999,-0.14999999999999997
Яркость и контраст,EfficientNet-B0 ImageNet,Class 285,0.15387612581253052,Class 285,0.08499396592378616,True,-0.06888215988874435,False,-0.04999999999999999,-0.09999999999999998
Яркость и контраст,EfficientNet-B0 ImageNet,Class 285,0.15387612581253052,Class 285,0.09268335998058319,True,-0.06119276583194733,False,-0.04999999999999999,-0.04999999999999999
Яркость и контраст,EfficientNet-B0 ImageNet,Class 285,0.15387612581253052,Class 285,0.0992351546883583,True,-0.05464097112417221,False,-0.04999999999999999,0.0
Яркость и контраст,EfficientNet-B0 ImageNet,Class 285,0.15387612581253052,Class 285,0.10729282349348068,True,-0.046583302319049835,False,-0.04999999999999999,0.050000000000000044
Яркость и контраст,EfficientNet-B0 ImageNet,Class 285,0.15387612581253052,Class 285,0.1154194101691246,True,-0.038456715643405914,False,-0.04999999999999999,0.10000000000000009
Яркость и контраст,EfficientNet-B0 ImageNet,Class 285,0.15387612581253052,Class 285,0.12270909547805786,True,-0.031167030334472656,False,-0.04999999999999999,0.15000000000000002
Яркость и контраст,EfficientNet-B0 ImageNet,Class 285,0.15387612581253052,Class 285,0.1204906478524208,True,-0.03338547796010971,False,-0.04999999999999999,0.20000000000000007
Яркость и контраст,EfficientNet-B0 ImageNet,Class 285,0.15387612581253052,Class 285,0.11498787999153137,True,-0.038888245820999146,False,-0.04999999999999999,0.25
Яркость и контраст,EfficientNet-B0 ImageNet,Class 285,0.15387612581253052,Class 285,0.10569824278354645,True,-0.04817788302898407,False,-0.04999999999999999,0.30000000000000004
Яркость и контраст,EfficientNet-B0 ImageNet,Class 285,0.15387612581253052,Class 285,0.10932046920061111,True,-0.0445556566119194,False,-0.04999999999999999,0.3500000000000001
Яркость и контраст,EfficientNet-B0 ImageNet,Class 285,0.15387612581253052,Class 285,0.13981923460960388,True,-0.014056891202926636,False,-0.04999999999999999,0.4
Яркость и контраст,EfficientNet-B0 ImageNet,Class 285,0.15387612581253052,Class 285,0.2043319195508957,True,0.05045579373836517,False,-0.04999999999999999,0.45000000000000007
Яркость и контраст,EfficientNet-B0 ImageNet,Class 285,0.15387612581253052,Class 285,0.2320089191198349,True,0.07813279330730438,False,-0.04999999999999999,0.5
Яркость и контраст,EfficientNet-B0 ImageNet,Class 285,0.15387612581253052,Class 285,0.09712094813585281,True,-0.056755177676677704,False,0.0,-0.5
Яркость и контраст,EfficientNet-B0 ImageNet,Class 285,0.15387612581253052,Class 285,0.0949454978108406,True,-0.05893062800168991,False,0.0,-0.45
Яркость и контраст,EfficientNet-B0 ImageNet,Class 285,0.15387612581253052,Class 285,0.0938296914100647,True,-0.06004643440246582,False,0.0,-0.4
Яркость и контраст,EfficientNet-B0 ImageNet,Class 285,0.15387612581253052,Class 285,0.09501291066408157,True,-0.058863215148448944,False,0.0,-0.35
Яркость и контраст,EfficientNet-B0 ImageNet,Class 285,0.15387612581253052,Class 285,0.1079595685005188,True,-0.04591655731201172,False,0.0,-0.3
Яркость и контраст,EfficientNet-B0 ImageNet,Class 285,0.15387612581253052,Class 285,0.10878168046474457,True,-0.04509444534778595,False,0.0,-0.25
Яркость и контраст,EfficientNet-B0 ImageNet,Class 285,0.15387612581253052,Class 285,0.11378397792577744,True,-0.04009214788675308,False,0.0,-0.19999999999999996
Яркость и контраст,EfficientNet-B0 ImageNet,Class 285,0.15387612581253052,Class 285,0.1297750324010849,True,-0.024101093411445618,False,0.0,-0.14999999999999997
Яркость и контраст,EfficientNet-B0 ImageNet,Class 285,0.15387612581253052,Class 285,0.130754753947258,True,-0.023121371865272522,False,0.0,-0.09999999999999998
Яркость и контраст,EfficientNet-B0 ImageNet,Class 285,0.15387612581253052,Class 285,0.14016130566596985,True,-0.013714820146560669,False,0.0,-0.04999999999999999
Яркость и контраст,EfficientNet-B0 ImageNet,Class 285,0.15387612581253052,Class 285,0.15387612581253052,True,0.0,False,0.0,0.0
Яркость и контраст,EfficientNet-B0 ImageNet,Class 285,0.15387612581253052,Class 285,0.16092178225517273,True,0.007045656442642212,False,0.0,0.050000000000000044
Яркость и контраст,EfficientNet-B0 ImageNet,Class 285,0.15387612581253052,Class 285,0.17159485816955566,True,0.017718732357025146,False,0.0,0.10000000000000009
Яркость и контраст,EfficientNet-B0 ImageNet,Class 285,0.15387612581253052,Class 285,0.16795596480369568,True,0.014079838991165161,False,0.0,0.15000000000000002
Яркость и контраст,EfficientNet-B0 ImageNet,Class 285,0.15387612581253052,Class 285,0.1559477001428604,True,0.002071574330329895,False,0.0,0.20000000000000007
Яркость и контраст,EfficientNet-B0 ImageNet,Class 285,0.15387612581253052,Class 285,0.13827179372310638,True,-0.015604332089424133,False,0.0,0.25
Яркость и контраст,EfficientNet-B0 ImageNet,Class 285,0.15387612581253052,Class 285,0.14993393421173096,True,-0.0039421916007995605,False,0.0,0.30000000000000004
Яркость и контраст,EfficientNet-B0 ImageNet,Class 285,0.15387612581253052,Class 285,0.19407615065574646,True,0.04020002484321594,False,0.0,0.3500000000000001
Яркость и контраст,EfficientNet-B0 ImageNet,Class 285,0.15387612581253052,Class 285,0.2574142813682556,True,0.1035381555557251,False,0.0,0.4
Яркость и контраст,EfficientNet-B0 ImageNet,Class 285,0.15387612581253052,Class 285,0.25558435916900635,True,0.10170823335647583,False,0.0,0.45000000000000007
Яркость и контраст,EfficientNet-B0 ImageNet,Class 285,0.15387612581253052,Class 876,0.2998410165309906,False,0.14596489071846008,True,0.0,0.5
Яркость и контраст,EfficientNet-B0 ImageNet,Class 285,0.15387612581253052,Class 285,0.11879930645227432,True,-0.035076819360256195,False,0.050000000000000044,-0.5
Яркость и контраст,EfficientNet-B0 ImageNet,Class 285,0.15387612581253052,Class 285,0.12010884284973145,True,-0.03376728296279907,False,0.050000000000000044,-0.45
Яркость и контраст,EfficientNet-B0 ImageNet,Class 285,0.15387612581253052,Class 285,0.11380541324615479,True,-0.04007071256637573,False,0.050000000000000044,-0.4
Яркость и контраст,EfficientNet-B0 ImageNet,Class 285,0.15387612581253052,Class 285,0.1195237934589386,True,-0.03435233235359192,False,0.050000000000000044,-0.35
Яркость и контраст,EfficientNet-B0 ImageNet,Class 285,0.15387612581253052,Class 285,0.12851910293102264,True,-0.025357022881507874,False,0.050000000000000044,-0.3
Яркость и контраст,EfficientNet-B0 ImageNet,Class 285,0.15387612581253052,Class 285,0.1348414570093155,True,-0.019034668803215027,False,0.050000000000000044,-0.25
Яркость и контраст,EfficientNet-B0 ImageNet,Class 285,0.15387612581253052,Class 285,0.14861023426055908,True,-0.0052658915519714355,False,0.050000000000000044,-0.19999999999999996
Яркость и контраст,EfficientNet-B0 ImageNet,Class 285,0.15387612581253052,Class 285,0.14501576125621796,True,-0.008860364556312561,False,0.050000000000000044,-0.14999999999999997
Яркость и контраст,EfficientNet-B0 ImageNet,Class 285,0.15387612581253052,Class 285,0.15908850729465485,True,0.005212381482124329,False,0.050000000000000044,-0.09999999999999998
Яркость и контраст,EfficientNet-B0 ImageNet,Class 285,0.15387612581253052,Class 285,0.162651926279068,True,0.008775800466537476,False,0.050000000000000044,-0.04999999999999999
Яркость и контраст,EfficientNet-B0 ImageNet,Class 285,0.15387612581253052,Class 285,0.17220264673233032,True,0.018326520919799805,False,0.050000000000000044,0.0
Яркость и контраст,EfficientNet-B0 ImageNet,Class 285,0.15387612581253052,Class 285,0.17774705588817596,True,0.023870930075645447,False,0.050000000000000044,0.050000000000000044
Яркость и контраст,EfficientNet-B0 ImageNet,Class 285,0.15387612581253052,Class 285,0.17982883751392365,True,0.025952711701393127,False,0.050000000000000044,0.10000000000000009
Яркость и контраст,EfficientNet-B0 ImageNet,Class 285,0.15387612581253052,Class 285,0.1604752540588379,True,0.006599128246307373,False,0.050000000000000044,0.15000000000000002
Яркость и контраст,EfficientNet-B0 ImageNet,Class 285,0.15387612581253052,Class 285,0.1481022983789444,True,-0.005773827433586121,False,0.050000000000000044,0.20000000000000007
Яркость и контраст,EfficientNet-B0 ImageNet,Class 285,0.15387612581253052,Class 285,0.17241516709327698,True,0.01853904128074646,False,0.050000000000000044,0.25
Яркость и контраст,EfficientNet-B0 ImageNet,Class 285,0.15387612581253052,Class 285,0.24823534488677979,True,0.09435921907424927,False,0.050000000000000044,0.30000000000000004
Яркость и контраст,EfficientNet-B0 ImageNet,Class 285,0.15387612581253052,Class 285,0.2881837487220764,True,0.1343076229095459,False,0.050000000000000044,0.3500000000000001
Яркость и контраст,EfficientNet-B0 ImageNet,Class 285,0.15387612581253052,Class 285,0.25118544697761536,True,0.09730932116508484,False,0.050000000000000044,0.4
Яркость и контраст,EfficientNet-B0 ImageNet,Class 285,0.15387612581253052,Class 876,0.3418867588043213,False,0.18801063299179077,True,0.050000000000000044,0.45000000000000007
Яркость и контраст,EfficientNet-B0 ImageNet,Class 285,0.15387612581253052,Class 876,0.40795937180519104,False,0.2540832459926605,True,0.050000000000000044,0.5
Яркость и контраст,EfficientNet-B0 ImageNet,Class 285,0.15387612581253052,Class 285,0.12518970668315887,True,-0.028686419129371643,False,0.10000000000000009,-0.5
Яркость и контраст,EfficientNet-B0 ImageNet,Class 285,0.15387612581253052,Class 285,0.12235318869352341,True,-0.03152293711900711,False,0.10000000000000009,-0.45
Яркость и контраст,EfficientNet-B0 ImageNet,Class 285,0.15387612581253052,Class 285,0.12657834589481354,True,-0.02729777991771698,False,0.10000000000000009,-0.4
Яркость и контраст,EfficientNet-B0 ImageNet,Class 285,0.15387612581253052,Class 285,0.12905536592006683,True,-0.024820759892463684,False,0.10000000000000009,-0.35
Яркость и контраст,EfficientNet-B0 ImageNet,Class 285,0.15387612581253052,Class 285,0.13047157227993011,True,-0.023404553532600403,False,0.10000000000000009,-0.3
Яркость и контраст,EfficientNet-B0 ImageNet,Class 285,0.15387612581253052,Class 285,0.14496344327926636,True,-0.00891268253326416,False,0.10000000000000009,-0.25
Яркость и контраст,EfficientNet-B0 ImageNet,Class 285,0.15387612581253052,Class 285,0.15125957131385803,True,-0.0026165544986724854,False,0.10000000000000009,-0.19999999999999996
Яркость и контраст,EfficientNet-B0 ImageNet,Class 285,0.15387612581253052,Class 285,0.15969333052635193,True,0.005817204713821411,False,0.10000000000000009,-0.14999999999999997
Яркость и контраст,EfficientNet-B0 ImageNet,Class 285,0.15387612581253052,Class 285,0.16015222668647766,True,0.0062761008739471436,False,0.10000000000000009,-0.09999999999999998
Яркость и контраст,EfficientNet-B0 ImageNet,Class 285,0.15387612581253052,Class 285,0.16344431042671204,True,0.009568184614181519,False,0.10000000000000009,-0.04999999999999999
Яркость и контраст,EfficientNet-B0 ImageNet,Class 285,0.15387612581253052,Class 285,0.17527545988559723,True,0.02139933407306671,False,0.10000000000000009,0.0
Яркость и контраст,EfficientNet-B0 ImageNet,Class 285,0.15387612581253052,Class 285,0.17820052802562714,True,0.02432440221309662,False,0.10000000000000009,0.050000000000000044
Яркость и контраст,EfficientNet-B0 ImageNet,Class 285,0.15387612581253052,Class 285,0.15657968819141388,True,0.002703562378883362,False,0.10000000000000009,0.10000000000000009
Яркость и контраст,EfficientNet-B0 ImageNet,Class 285,0.15387612581253052,Class 285,0.16044938564300537,True,0.0065732598304748535,False,0.10000000000000009,0.15000000000000002
Яркость и контраст,EfficientNet-B0 ImageNet,Class 285,0.15387612581253052,Class 285,0.19702744483947754,True,0.04315131902694702,False,0.10000000000000009,0.20000000000000007
Яркость и контраст,EfficientNet-B0 ImageNet,Class 285,0.15387612581253052,Class 285,0.2718455493450165,True,0.11796942353248596,False,0.10000000000000009,0.25
Яркость и контраст,EfficientNet-B0 ImageNet,Class 285,0.15387612581253052,Class 285,0.27518191933631897,True,0.12130579352378845,False,0.10000000000000009,0.30000000000000004
Яркость и контраст,EfficientNet-B0 ImageNet,Class 285,0.15387612581253052,Class 876,0.28627070784568787,False,0.13239458203315735,True,0.10000000000000009,0.3500000000000001
Яркость и контраст,EfficientNet-B0 ImageNet,Class 285,0.15387612581253052,Class 876,0.38411083817481995,False,0.23023471236228943,True,0.10000000000000009,0.4
Яркость и контраст,EfficientNet-B0 ImageNet,Class 285,0.15387612581253052,Class 876,0.42127659916877747,False,0.26740047335624695,True,0.10000000000000009,0.45000000000000007
Яркость и контраст,EfficientNet-B0 ImageNet,Class 285,0.15387612581253052,Class 876,0.4500264823436737,False,0.2961503565311432,True,0.10000000000000009,0.5
Яркость и контраст,EfficientNet-B0 ImageNet,Class 285,0.15387612581253052,Class 285,0.1231653243303299,True,-0.030710801482200623,False,0.15000000000000002,-0.5
Яркость и контраст,EfficientNet-B0 ImageNet,Class 285,0.15387612581253052,Class 285,0.1190156415104866,True,-0.034860484302043915,False,0.15000000000000002,-0.45
Яркость и контраст,EfficientNet-B0 ImageNet,Class 285,0.15387612581253052,Class 285,0.12614355981349945,True,-0.027732565999031067,False,0.15000000000000002,-0.4
Яркость и контраст,EfficientNet-B0 ImageNet,Class 285,0.15387612581253052,Class 285,0.1326180249452591,True,-0.021258100867271423,False,0.15000000000000002,-0.35
Яркость и контраст,EfficientNet-B0 ImageNet,Class 285,0.15387612581253052,Class 285,0.13052091002464294,True,-0.023355215787887573,False,0.15000000000000002,-0.3
Яркость и контраст,EfficientNet-B0 ImageNet,Class 285,0.15387612581253052,Class 285,0.14804048836231232,True,-0.005835637450218201,False,0.15000000000000002,-0.25
Яркость и контраст,EfficientNet-B0 ImageNet,Class 285,0.15387612581253052,Class 285,0.14958588778972626,True,-0.00429023802280426,False,0.15000000000000002,-0.19999999999999996
Яркость и контраст,EfficientNet-B0 ImageNet,Class 285,0.15387612581253052,Class 285,0.15520182251930237,True,0.0013256967067718506,False,0.15000000000000002,-0.14999999999999997
Яркость и контраст,EfficientNet-B0 ImageNet,Class 285,0.15387612581253052,Class 285,0.15917940437793732,True,0.005303278565406799,False,0.15000000000000002,-0.09999999999999998
Яркость и контраст,EfficientNet-B0 ImageNet,Class 285,0.15387612581253052,Class 285,0.16654197871685028,True,0.012665852904319763,False,0.15000000000000002,-0.04999999999999999
Яркость и контраст,EfficientNet-B0 ImageNet,Class 285,0.15387612581253052,Class 285,0.1713641732931137,True,0.01748804748058319,False,0.15000000000000002,0.0
Яркость и контраст,EfficientNet-B0 ImageNet,Class 285,0.15387612581253052,Class 285,0.15154190361499786,True,-0.002334222197532654,False,0.15000000000000002,0.050000000000000044
Яркость и контраст,EfficientNet-B0 ImageNet,Class 285,0.15387612581253052,Class 285,0.17267215251922607,True,0.018796026706695557,False,0.15000000000000002,0.10000000000000009
Яркость и контраст,EfficientNet-B0 ImageNet,Class 285,0.15387612581253052,Class 285,0.22084642946720123,True,0.06697030365467072,False,0.15000000000000002,0.15000000000000002
Яркость и контраст,EfficientNet-B0 ImageNet,Class 285,0.15387612581253052,Class 285,0.2817917466163635,True,0.127915620803833,False,0.15000000000000002,0.20000000000000007
Яркость и контраст,EfficientNet-B0 ImageNet,Class 285,0.15387612581253052,Class 285,0.25000640749931335,True,0.09613028168678284,False,0.15000000000000002,0.25
Яркость и контраст,EfficientNet-B0 ImageNet,Class 285,0.15387612581253052,Class 876,0.346097469329834,False,0.19222134351730347,True,0.15000000000000002,0.30000000000000004
Яркость и контраст,EfficientNet-B0 ImageNet,Class 285,0.15387612581253052,Class 876,0.41149193048477173,False,0.2576158046722412,True,0.15000000000000002,0.3500000000000001
Яркость и контраст,EfficientNet-B0 ImageNet,Class 285,0.15387612581253052,Class 876,0.43190401792526245,False,0.27802789211273193,True,0.15000000000000002,0.4
Яркость и контраст,EfficientNet-B0 ImageNet,Class 285,0.15387612581253052,Class 876,0.4498157203197479,False,0.2959395945072174,True,0.15000000000000002,0.45000000000000007
Яркость и контраст,EfficientNet-B0 ImageNet,Class 285,0.15387612581253052,Class 285,0.48351550102233887,True,0.32963937520980835,False,0.15000000000000002,0.5
Яркость и контраст,EfficientNet-B0 ImageNet,Class 285,0.15387612581253052,Class 285,0.12268128991127014,True,-0.031194835901260376,False,0.20000000000000007,-0.5
Яркость и контраст,EfficientNet-B0 ImageNet,Class 285,0.15387612581253052,Class 285,0.1273721158504486,True,-0.02650400996208191,False,0.20000000000000007,-0.45
Яркость и контраст,EfficientNet-B0 ImageNet,Class 285,0.15387612581253052,Class 285,0.129149928689003,True,-0.024726197123527527,False,0.20000000000000007,-0.4
Яркость и контраст,EfficientNet-B0 ImageNet,Class 285,0.15387612581253052,Class 285,0.13270972669124603,True,-0.021166399121284485,False,0.20000000000000007,-0.35
Яркость и контраст,EfficientNet-B0 ImageNet,Class 285,0.15387612581253052,Class 285,0.14741164445877075,True,-0.006464481353759766,False,0.20000000000000007,-0.3
Яркость и контраст,EfficientNet-B0 ImageNet,Class 285,0.15387612581253052,Class 285,0.14652405679225922,True,-0.007352069020271301,False,0.20000000000000007,-0.25
Яркость и контраст,EfficientNet-B0 ImageNet,Class 285,0.15387612581253052,Class 285,0.15087106823921204,True,-0.0030050575733184814,False,0.20000000000000007,-0.19999999999999996
Яркость и контраст,EfficientNet-B0 ImageNet,Class 285,0.15387612581253052,Class 285,0.16499820351600647,True,0.011122077703475952,False,0.20000000000000007,-0.14999999999999997
Яркость и контраст,EfficientNet-B0 ImageNet,Class 285,0.15387612581253052,Class 285,0.16173921525478363,True,0.007863089442253113,False,0.20000000000000007,-0.09999999999999998
Яркость и контраст,EfficientNet-B0 ImageNet,Class 285,0.15387612581253052,Class 285,0.16010549664497375,True,0.006229370832443237,False,0.20000000000000007,-0.04999999999999999
Яркость и контраст,EfficientNet-B0 ImageNet,Class 285,0.15387612581253052,Class 285,0.15052373707294464,True,-0.0033523887395858765,False,0.20000000000000007,0.0
Яркость и контраст,EfficientNet-B0 ImageNet,Class 285,0.15387612581253052,Class 285,0.1889091581106186,True,0.035033032298088074,False,0.20000000000000007,0.050000000000000044
Яркость и контраст,EfficientNet-B0 ImageNet,Class 285,0.15387612581253052,Class 285,0.258377343416214,True,0.10450121760368347,False,0.20000000000000007,0.10000000000000009
Яркость и контраст,EfficientNet-B0 ImageNet,Class 285,0.15387612581253052,Class 285,0.27079471945762634,True,0.11691859364509583,False,0.20000000000000007,0.15000000000000002
Яркость и контраст,EfficientNet-B0 ImageNet,Class 285,0.15387612581253052,Class 876,0.29497575759887695,False,0.14109963178634644,True,0.20000000000000007,0.20000000000000007
Яркость и контраст,EfficientNet-B0 ImageNet,Class 285,0.15387612581253052,Class 876,0.40844279527664185,False,0.25456666946411133,True,0.20000000000000007,0.25
Яркость и контраст,EfficientNet-B0 ImageNet,Class 285,0.15387612581253052,Class 876,0.44138994812965393,False,0.2875138223171234,True,0.20000000000000007,0.30000000000000004
Яркость и контраст,EfficientNet-B0 ImageNet,Class 285,0.15387612581253052,Class 876,0.4808967411518097,False,0.3270206153392792,True,0.20000000000000007,0.3500000000000001
Яркость и контраст,EfficientNet-B0 ImageNet,Class 285,0.15387612581253052,Class 285,0.4303741157054901,True,0.2764979898929596,False,0.20000000000000007,0.4
Яркость и контраст,EfficientNet-B0 ImageNet,Class 285,0.15387612581253052,Class 285,0.5458687543869019,True,0.39199262857437134,False,0.20000000000000007,0.45000000000000007
Яркость и контраст,EfficientNet-B0 ImageNet,Class 285,0.15387612581253052,Class 285,0.5622694492340088,True,0.40839332342147827,False,0.20000000000000007,0.5
Яркость и контраст,EfficientNet-B0 ImageNet,Class 285,0.15387612581253052,Class 285,0.12206557393074036,True,-0.03181055188179016,False,0.25,-0.5
Яркость и контраст,EfficientNet-B0 ImageNet,Class 285,0.15387612581253052,Class 285,0.13294464349746704,True,-0.020931482315063477,False,0.25,-0.45
Яркость и контраст,EfficientNet-B0 ImageNet,Class 285,0.15387612581253052,Class 285,0.13388480246067047,True,-0.019991323351860046,False,0.25,-0.4
Яркость и контраст,EfficientNet-B0 ImageNet,Class 285,0.15387612581253052,Class 285,0.14216899871826172,True,-0.011707127094268799,False,0.25,-0.35
Яркость и контраст,EfficientNet-B0 ImageNet,Class 285,0.15387612581253052,Class 285,0.1503111869096756,True,-0.0035649389028549194,False,0.25,-0.3
Яркость и контраст,EfficientNet-B0 ImageNet,Class 285,0.15387612581253052,Class 285,0.1552404761314392,True,0.0013643503189086914,False,0.25,-0.25
Яркость и контраст,EfficientNet-B0 ImageNet,Class 285,0.15387612581253052,Class 285,0.16646182537078857,True,0.012585699558258057,False,0.25,-0.19999999999999996
Яркость и контраст,EfficientNet-B0 ImageNet,Class 285,0.15387612581253052,Class 285,0.16701297461986542,True,0.0131368488073349,False,0.25,-0.14999999999999997
Яркость и контраст,EfficientNet-B0 ImageNet,Class 285,0.15387612581253052,Class 285,0.15771961212158203,True,0.0038434863090515137,False,0.25,-0.09999999999999998
Яркость и контраст,EfficientNet-B0 ImageNet,Class 285,0.15387612581253052,Class 285,0.1561615914106369,True,0.0022854655981063843,False,0.25,-0.04999999999999999
Яркость и контраст,EfficientNet-B0 ImageNet,Class 285,0.15387612581253052,Class 285,0.21132230758666992,True,0.057446181774139404,False,0.25,0.0
Яркость и контраст,EfficientNet-B0 ImageNet,Class 285,0.15387612581253052,Class 285,0.2855527102947235,True,0.131676584482193,False,0.25,0.050000000000000044
Яркость и контраст,EfficientNet-B0 ImageNet,Class 285,0.15387612581253052,Class 285,0.24276728928089142,True,0.0888911634683609,False,0.25,0.10000000000000009
Яркость и контраст,EfficientNet-B0 ImageNet,Class 285,0.15387612581253052,Class 876,0.3645321726799011,False,0.2106560468673706,True,0.25,0.15000000000000002
Яркость и контраст,EfficientNet-B0 ImageNet,Class 285,0.15387612581253052,Class 876,0.4307180643081665,False,0.276841938495636,True,0.25,0.20000000000000007
Яркость и контраст,EfficientNet-B0 ImageNet,Class 285,0.15387612581253052,Class 876,0.4775555431842804,False,0.3236794173717499,True,0.25,0.25
Яркость и контраст,EfficientNet-B0 ImageNet,Class 285,0.15387612581253052,Class 285,0.3640727698802948,True,0.21019664406776428,False,0.25,0.30000000000000004
Яркость и контраст,EfficientNet-B0 ImageNet,Class 285,0.15387612581253052,Class 285,0.5405477285385132,True,0.38667160272598267,False,0.25,0.3500000000000001
Яркость и контраст,EfficientNet-B0 ImageNet,Class 285,0.15387612581253052,Class 285,0.5562607049942017,True,0.40238457918167114,False,0.25,0.4
Яркость и контраст,EfficientNet-B0 ImageNet,Class 285,0.15387612581253052,Class 285,0.5594240427017212,True,0.4055479168891907,False,0.25,0.45000000000000007
Яркость и контраст,EfficientNet-B0 ImageNet,Class 285,0.15387612581253052,Class 285,0.5513875484466553,True,0.39751142263412476,False,0.25,0.5
Яркость и контраст,EfficientNet-B0 ImageNet,Class 285,0.15387612581253052,Class 285,0.1275445967912674,True,-0.026331529021263123,False,0.30000000000000004,-0.5
Яркость и контраст,EfficientNet-B0 ImageNet,Class 285,0.15387612581253052,Class 285,0.13554860651493073,True,-0.018327519297599792,False,0.30000000000000004,-0.45
Яркость и контраст,EfficientNet-B0 ImageNet,Class 285,0.15387612581253052,Class 285,0.14553475379943848,True,-0.008341372013092041,False,0.30000000000000004,-0.4
Яркость и контраст,EfficientNet-B0 ImageNet,Class 285,0.15387612581253052,Class 285,0.15097419917583466,True,-0.002901926636695862,False,0.30000000000000004,-0.35
Яркость и контраст,EfficientNet-B0 ImageNet,Class 285,0.15387612581253052,Class 285,0.15120290219783783,True,-0.002673223614692688,False,0.30000000000000004,-0.3
Яркость и контраст,EfficientNet-B0 ImageNet,Class 285,0.15387612581253052,Class 285,0.16685009002685547,True,0.012973964214324951,False,0.30000000000000004,-0.25
Яркость и контраст,EfficientNet-B0 ImageNet,Class 285,0.15387612581253052,Class 285,0.1736932247877121,True,0.01981709897518158,False,0.30000000000000004,-0.19999999999999996
Яркость и контраст,EfficientNet-B0 ImageNet,Class 285,0.15387612581253052,Class 285,0.15762698650360107,True,0.0037508606910705566,False,0.30000000000000004,-0.14999999999999997
Яркость и контраст,EfficientNet-B0 ImageNet,Class 285,0.15387612581253052,Class 285,0.17431992292404175,True,0.02044379711151123,False,0.30000000000000004,-0.09999999999999998
Яркость и контраст,EfficientNet-B0 ImageNet,Class 285,0.15387612581253052,Class 285,0.24711421132087708,True,0.09323808550834656,False,0.30000000000000004,-0.04999999999999999
Яркость и контраст,EfficientNet-B0 ImageNet,Class 285,0.15387612581253052,Class 285,0.2822442650794983,True,0.12836813926696777,False,0.30000000000000004,0.0
Яркость и контраст,EfficientNet-B0 ImageNet,Class 285,0.15387612581253052,Class 876,0.30554914474487305,False,0.15167301893234253,True,0.30000000000000004,0.050000000000000044
Яркость и контраст,EfficientNet-B0 ImageNet,Class 285,0.15387612581253052,Class 876,0.4087405800819397,False,0.2548644542694092,True,0.30000000000000004,0.10000000000000009
Яркость и контраст,EfficientNet-B0 ImageNet,Class 285,0.15387612581253052,Class 876,0.46519532799720764,False,0.3113192021846771,True,0.30000000000000004,0.15000000000000002
Яркость и контраст,EfficientNet-B0 ImageNet,Class 285,0.15387612581253052,Class 876,0.3605668544769287,False,0.2066907286643982,True,0.30000000000000004,0.20000000000000007
Яркость и контраст,EfficientNet-B0 ImageNet,Class 285,0.15387612581253052,Class 285,0.5360188484191895,True,0.38214272260665894,False,0.30000000000000004,0.25
Яркость и контраст,EfficientNet-B0 ImageNet,Class 285,0.15387612581253052,Class 285,0.5511515140533447,True,0.3972753882408142,False,0.30000000000000004,0.30000000000000004
Яркость и контраст,EfficientNet-B0 ImageNet,Class 285,0.15387612581253052,Class 285,0.5529196858406067,True,0.39904356002807617,False,0.30000000000000004,0.3500000000000001
Яркость и контраст,EfficientNet-B0 ImageNet,Class 285,0.15387612581253052,Class 285,0.5459035038948059,True,0.3920273780822754,False,0.30000000000000004,0.4
Яркость и контраст,EfficientNet-B0 ImageNet,Class 285,0.15387612581253052,Class 285,0.5479366183280945,True,0.39406049251556396,False,0.30000000000000004,0.45000000000000007
Яркость и контраст,EfficientNet-B0 ImageNet,Class 285,0.15387612581253052,Class 285,0.5274621844291687,True,0.3735860586166382,False,0.30000000000000004,0.5
Яркость и контраст,EfficientNet-B0 ImageNet,Class 285,0.15387612581253052,Class 285,0.14005915820598602,True,-0.013816967606544495,False,0.3500000000000001,-0.5
Яркость и контраст,EfficientNet-B0 ImageNet,Class 285,0.15387612581253052,Class 285,0.1447358876466751,True,-0.009140238165855408,False,0.3500000000000001,-0.45
Яркость и контраст,EfficientNet-B0 ImageNet,Class 285,0.15387612581253052,Class 285,0.15602023899555206,True,0.0021441131830215454,False,0.3500000000000001,-0.4
Яркость и контраст,EfficientNet-B0 ImageNet,Class 285,0.15387612581253052,Class 285,0.16491937637329102,True,0.011043250560760498,False,0.3500000000000001,-0.35
Яркость и контраст,EfficientNet-B0 ImageNet,Class 285,0.15387612581253052,Class 285,0.16256208717823029,True,0.008685961365699768,False,0.3500000000000001,-0.3
Яркость и контраст,EfficientNet-B0 ImageNet,Class 285,0.15387612581253052,Class 285,0.18055954575538635,True,0.026683419942855835,False,0.3500000000000001,-0.25
Яркость и контраст,EfficientNet-B0 ImageNet,Class 285,0.15387612581253052,Class 285,0.15754443407058716,True,0.0036683082580566406,False,0.3500000000000001,-0.19999999999999996
Яркость и контраст,EfficientNet-B0 ImageNet,Class 285,0.15387612581253052,Class 285,0.1967087835073471,True,0.04283265769481659,False,0.3500000000000001,-0.14999999999999997
Яркость и контраст,EfficientNet-B0 ImageNet,Class 285,0.15387612581253052,Class 285,0.287441223859787,True,0.13356509804725647,False,0.3500000000000001,-0.09999999999999998
Яркость и контраст,EfficientNet-B0 ImageNet,Class 285,0.15387612581253052,Class 285,0.25290319323539734,True,0.09902706742286682,False,0.3500000000000001,-0.04999999999999999
Яркость и контраст,EfficientNet-B0 ImageNet,Class 285,0.15387612581253052,Class 876,0.376528799533844,False,0.22265267372131348,True,0.3500000000000001,0.0
Яркость и контраст,EfficientNet-B0 ImageNet,Class 285,0.15387612581253052,Class 876,0.4364646077156067,False,0.28258848190307617,True,0.3500000000000001,0.050000000000000044
Яркость и контраст,EfficientNet-B0 ImageNet,Class 285,0.15387612581253052,Class 876,0.4342474043369293,False,0.2803712785243988,True,0.3500000000000001,0.10000000000000009
Яркость и контраст,EfficientNet-B0 ImageNet,Class 285,0.15387612581253052,Class 285,0.5129315257072449,True,0.35905539989471436,False,0.3500000000000001,0.15000000000000002
Яркость и контраст,EfficientNet-B0 ImageNet,Class 285,0.15387612581253052,Class 285,0.5440302491188049,True,0.3901541233062744,False,0.3500000000000001,0.20000000000000007
Яркость и контраст,EfficientNet-B0 ImageNet,Class 285,0.15387612581253052,Class 285,0.5569702982902527,True,0.40309417247772217,False,0.3500000000000001,0.25
Яркость и контраст,EfficientNet-B0 ImageNet,Class 285,0.15387612581253052,Class 285,0.5417429804801941,True,0.3878668546676636,False,0.3500000000000001,0.30000000000000004
Яркость и контраст,EfficientNet-B0 ImageNet,Class 285,0.15387612581253052,Class 285,0.5361834764480591,True,0.38230735063552856,False,0.3500000000000001,0.3500000000000001
Яркость и контраст,EfficientNet-B0 ImageNet,Class 285,0.15387612581253052,Class 285,0.5233795046806335,True,0.369503378868103,False,0.3500000000000001,0.4
Яркость и контраст,EfficientNet-B0 ImageNet,Class 285,0.15387612581253052,Class 285,0.5201828479766846,True,0.36630672216415405,False,0.3500000000000001,0.45000000000000007
Яркость и контраст,EfficientNet-B0 ImageNet,Class 285,0.15387612581253052,Class 285,0.545225977897644,True,0.3913498520851135,False,0.3500000000000001,0.5
Яркость и контраст,EfficientNet-B0 ImageNet,Class 285,0.15387612581253052,Class 285,0.1480391025543213,True,-0.0058370232582092285,False,0.4,-0.5
Яркость и контраст,EfficientNet-B0 ImageNet,Class 285,0.15387612581253052,Class 285,0.15743646025657654,True,0.0035603344440460205,False,0.4,-0.45
Яркость и контраст,EfficientNet-B0 ImageNet,Class 285,0.15387612581253052,Class 285,0.16152209043502808,True,0.007645964622497559,False,0.4,-0.4
Яркость и контраст,EfficientNet-B0 ImageNet,Class 285,0.15387612581253052,Class 285,0.16766756772994995,True,0.013791441917419434,False,0.4,-0.35
Яркость и контраст,EfficientNet-B0 ImageNet,Class 285,0.15387612581253052,Class 285,0.18065804243087769,True,0.026781916618347168,False,0.4,-0.3
Яркость и контраст,EfficientNet-B0 ImageNet,Class 285,0.15387612581253052,Class 285,0.16569197177886963,True,0.011815845966339111,False,0.4,-0.25
Яркость и контраст,EfficientNet-B0 ImageNet,Class 285,0.15387612581253052,Class 285,0.23108908534049988,True,0.07721295952796936,False,0.4,-0.19999999999999996
Яркость и контраст,EfficientNet-B0 ImageNet,Class 285,0.15387612581253052,Class 285,0.2818887531757355,True,0.12801262736320496,False,0.4,-0.14999999999999997
Яркость и контраст,EfficientNet-B0 ImageNet,Class 285,0.15387612581253052,Class 876,0.3012596368789673,False,0.14738351106643677,True,0.4,-0.09999999999999998
Яркость и контраст,EfficientNet-B0 ImageNet,Class 285,0.15387612581253052,Class 876,0.4340057373046875,False,0.280129611492157,True,0.4,-0.04999999999999999
Яркость и контраст,EfficientNet-B0 ImageNet,Class 285,0.15387612581253052,Class 876,0.45886778831481934,False,0.3049916625022888,True,0.4,0.0
Яркость и контраст,EfficientNet-B0 ImageNet,Class 285,0.15387612581253052,Class 285,0.4853871464729309,True,0.3315110206604004,False,0.4,0.050000000000000044
Яркость и контраст,EfficientNet-B0 ImageNet,Class 285,0.15387612581253052,Class 285,0.5344877243041992,True,0.3806115984916687,False,0.4,0.10000000000000009
Яркость и контраст,EfficientNet-B0 ImageNet,Class 285,0.15387612581253052,Class 285,0.5280271172523499,True,0.37415099143981934,False,0.4,0.15000000000000002
Яркость и контраст,EfficientNet-B0 ImageNet,Class 285,0.15387612581253052,Class 285,0.5364596843719482,True,0.3825835585594177,False,0.4,0.20000000000000007
Яркость и контраст,EfficientNet-B0 ImageNet,Class 285,0.15387612581253052,Class 285,0.5256385803222656,True,0.3717624545097351,False,0.4,0.25
Яркость и контраст,EfficientNet-B0 ImageNet,Class 285,0.15387612581253052,Class 285,0.5042985677719116,True,0.3504224419593811,False,0.4,0.30000000000000004
Яркость и контраст,EfficientNet-B0 ImageNet,Class 285,0.15387612581253052,Class 285,0.509378969669342,True,0.3555028438568115,False,0.4,0.3500000000000001
Яркость и контраст,EfficientNet-B0 ImageNet,Class 285,0.15387612581253052,Class 285,0.5473751425743103,True,0.3934990167617798,False,0.4,0.4
Яркость и контраст,EfficientNet-B0 ImageNet,Class 285,0.15387612581253052,Class 285,0.5490642189979553,True,0.3951880931854248,False,0.4,0.45000000000000007
Яркость и контраст,EfficientNet-B0 ImageNet,Class 285,0.15387612581253052,Class 285,0.5454899668693542,True,0.39161384105682373,False,0.4,0.5
Яркость и контраст,EfficientNet-B0 ImageNet,Class 285,0.15387612581253052,Class 285,0.1444476991891861,True,-0.009428426623344421,False,0.45000000000000007,-0.5
Яркость и контраст,EfficientNet-B0 ImageNet,Class 285,0.15387612581253052,Class 285,0.15883149206638336,True,0.004955366253852844,False,0.45000000000000007,-0.45
Яркость и контраст,EfficientNet-B0 ImageNet,Class 285,0.15387612581253052,Class 285,0.16844569146633148,True,0.014569565653800964,False,0.45000000000000007,-0.4
Яркость и контраст,EfficientNet-B0 ImageNet,Class 285,0.15387612581253052,Class 285,0.1629037708044052,True,0.009027644991874695,False,0.45000000000000007,-0.35
Яркость и контраст,EfficientNet-B0 ImageNet,Class 285,0.15387612581253052,Class 285,0.1820317506790161,True,0.028155624866485596,False,0.45000000000000007,-0.3
Яркость и контраст,EfficientNet-B0 ImageNet,Class 285,0.15387612581253052,Class 285,0.2619395852088928,True,0.1080634593963623,False,0.45000000000000007,-0.25
Яркость и контраст,EfficientNet-B0 ImageNet,Class 285,0.15387612581253052,Class 285,0.24685326218605042,True,0.0929771363735199,False,0.45000000000000007,-0.19999999999999996
Яркость и контраст,EfficientNet-B0 ImageNet,Class 285,0.15387612581253052,Class 876,0.3674491345882416,False,0.21357300877571106,True,0.45000000000000007,-0.14999999999999997
Яркость и контраст,EfficientNet-B0 ImageNet,Class 285,0.15387612581253052,Class 876,0.42604175209999084,False,0.2721656262874603,True,0.45000000000000007,-0.09999999999999998
Яркость и контраст,EfficientNet-B0 ImageNet,Class 285,0.15387612581253052,Class 285,0.4469374716281891,True,0.29306134581565857,False,0.45000000000000007,-0.04999999999999999
Яркость и контраст,EfficientNet-B0 ImageNet,Class 285,0.15387612581253052,Class 285,0.5200464129447937,True,0.3661702871322632,False,0.45000000000000007,0.0
Яркость и контраст,EfficientNet-B0 ImageNet,Class 285,0.15387612581253052,Class 285,0.5189476013183594,True,0.36507147550582886,False,0.45000000000000007,0.050000000000000044
Яркость и контраст,EfficientNet-B0 ImageNet,Class 285,0.15387612581253052,Class 285,0.5269059538841248,True,0.37302982807159424,False,0.45000000000000007,0.10000000000000009
Яркость и контраст,EfficientNet-B0 ImageNet,Class 285,0.15387612581253052,Class 285,0.5163251757621765,True,0.362449049949646,False,0.45000000000000007,0.15000000000000002
Яркость и контраст,EfficientNet-B0 ImageNet,Class 285,0.15387612581253052,Class 285,0.49811965227127075,True,0.34424352645874023,False,0.45000000000000007,0.20000000000000007
Яркость и контраст,EfficientNet-B0 ImageNet,Class 285,0.15387612581253052,Class 285,0.5144005417823792,True,0.36052441596984863,False,0.45000000000000007,0.25
Яркость и контраст,EfficientNet-B0 ImageNet,Class 285,0.15387612581253052,Class 285,0.5439174175262451,True,0.3900412917137146,False,0.45000000000000007,0.30000000000000004
Яркость и контраст,EfficientNet-B0 ImageNet,Class 285,0.15387612581253052,Class 285,0.5346903800964355,True,0.38081425428390503,False,0.45000000000000007,0.3500000000000001
Яркость и контраст,EfficientNet-B0 ImageNet,Class 285,0.15387612581253052,Class 285,0.531867504119873,True,0.37799137830734253,False,0.45000000000000007,0.4
Яркость и контраст,EfficientNet-B0 ImageNet,Class 285,0.15387612581253052,Class 285,0.5698038339614868,True,0.4159277081489563,False,0.45000000000000007,0.45000000000000007
Яркость и контраст,EfficientNet-B0 ImageNet,Class 285,0.15387612581253052,Class 285,0.5672603845596313,True,0.41338425874710083,False,0.45000000000000007,0.5
Яркость и контраст,EfficientNet-B0 ImageNet,Class 285,0.15387612581253052,Class 285,0.139930859208107,True,-0.013945266604423523,False,0.5,-0.5
Яркость и контраст,EfficientNet-B0 ImageNet,Class 285,0.15387612581253052,Class 285,0.15647947788238525,True,0.0026033520698547363,False,0.5,-0.45
Яркость и контраст,EfficientNet-B0 ImageNet,Class 285,0.15387612581253052,Class 285,0.15488478541374207,True,0.0010086596012115479,False,0.5,-0.4
Яркость и контраст,EfficientNet-B0 ImageNet,Class 285,0.15387612581253052,Class 285,0.19948942959308624,True,0.045613303780555725,False,0.5,-0.35
Яркость и контраст,EfficientNet-B0 ImageNet,Class 285,0.15387612581253052,Class 285,0.2534967362880707,True,0.09962061047554016,False,0.5,-0.3
Яркость и контраст,EfficientNet-B0 ImageNet,Class 285,0.15387612581253052,Class 876,0.2820502519607544,False,0.12817412614822388,True,0.5,-0.25
Яркость и контраст,EfficientNet-B0 ImageNet,Class 285,0.15387612581253052,Class 876,0.398433655500412,False,0.24455752968788147,True,0.5,-0.19999999999999996
Яркость и контраст,EfficientNet-B0 ImageNet,Class 285,0.15387612581253052,Class 285,0.38114917278289795,True,0.22727304697036743,False,0.5,-0.14999999999999997
Яркость и контраст,EfficientNet-B0 ImageNet,Class 285,0.15387612581253052,Class 285,0.49656549096107483,True,0.3426893651485443,False,0.5,-0.09999999999999998
Яркость и контраст,EfficientNet-B0 ImageNet,Class 285,0.15387612581253052,Class 285,0.4931945502758026,True,0.3393184244632721,False,0.5,-0.04999999999999999
Яркость и контраст,EfficientNet-B0 ImageNet,Class 285,0.15387612581253052,Class 285,0.516974925994873,True,0.36309880018234253,False,0.5,0.0
Яркость и контраст,EfficientNet-B0 ImageNet,Class 285,0.15387612581253052,Class 285,0.5098195672035217,True,0.3559434413909912,False,0.5,0.050000000000000044
Яркость и контраст,EfficientNet-B0 ImageNet,Class 285,0.15387612581253052,Class 285,0.4958350658416748,True,0.3419589400291443,False,0.5,0.10000000000000009
Яркость и контраст,EfficientNet-B0 ImageNet,Class 285,0.15387612581253052,Class 285,0.5232495069503784,True,0.3693733811378479,False,0.5,0.15000000000000002
Яркость и контраст,EfficientNet-B0 ImageNet,Class 285,0.15387612581253052,Class 285,0.5301593542098999,True,0.3762832283973694,False,0.5,0.20000000000000007
Яркость и контраст,EfficientNet-B0 ImageNet,Class 285,0.15387612581253052,Class 285,0.5136083364486694,True,0.3597322106361389,False,0.5,0.25
Яркость и контраст,EfficientNet-B0 ImageNet,Class 285,0.15387612581253052,Class 285,0.5372104048728943,True,0.38333427906036377,False,0.5,0.30000000000000004
Яркость и контраст,EfficientNet-B0 ImageNet,Class 285,0.15387612581253052,Class 285,0.562957763671875,True,0.4090816378593445,False,0.5,0.3500000000000001
Яркость и контраст,EfficientNet-B0 ImageNet,Class 285,0.15387612581253052,Class 285,0.503775954246521,True,0.3498998284339905,False,0.5,0.4
Яркость и контраст,EfficientNet-B0 ImageNet,Class 285,0.15387612581253052,Class 285,0.44200557470321655,True,0.28812944889068604,False,0.5,0.45000000000000007
Яркость и контраст,EfficientNet-B0 ImageNet,Class 285,0.15387612581253052,Class 285,0.4338497817516327,True,0.2799736559391022,False,0.5,0.5
